start;end;motif;form;comments
3.440907029;305.747690907;Horn;V;S
5.75;308.1498426521;Horn;V;S
10.76;315.35747;Ring;V;R
15.36;317.51784;Ring;V;R
17.52;319.8177;Ring;V;R
19.82;324.69772;Ring;V;R